,Recipe,Location,Item,Ingredient 1,Ingredient 2,Ingredient 3,Ingredient 4
0,Powdering Powder,Cafeteria (Chapter 1),Flour,Carrotato/Belgrade Potato/Pumpotatokin,Spinacherb/Dunkelhite/Purplinacherb/Gash Twig/Kittynip/Tercia Pollen/Taun/Huffin,,
1,Powdering Powder,Cafeteria (Chapter 1),Salt,Masou/Endless Seaweed/Strom Shell/Joker Fish,Clearwater/Brown Groundwater/Marine Water,,
2,Powdering Powder,Cafeteria (Chapter 1),Black Powder,Carbon Boulder/Raw Komet Ore/Super Komet/Black Steel/Black Liquid/Spinacherb/Purplinacherb/Gash Twig/Kittynip/Eicheloa/Poison Shroom/Taun/Huffin,Canone Rock/Flame/Tera Flame/Plosion,,
3,Powdering Powder,Cafeteria (Chapter 1),Polish Powder,Legien Steel/Cyprus Copper/Preuve Lead/Elemia Silver,Canone Rock/Glacier Stone/Thunder Stone/Raw Komet Ore/Super Komet/Carbon Boulder,,
4,Miraculous Powder,Student Store (Chapter 9),Shiny Powder,Raw Komet Ore/Super Komet/Gravity Stone/Pendelook,Elemia Silver/White Steel/Altena Ingot/Gold Bullion,,
5,How to Knead Dirt,Campus Grounds (Chapter 6),Magical Clay,Dirt/Red Dirt/Black Dirt,Carrotato/Belgrade Potato/Burdock Straight/Burdock Curve/Radish/Medicinal Radish/Shinke Onion/Pumpotatokin,Clearwater/Brown Groundwater/Goat Milk/Marine Water/Vanilla Syrup/Black Liquid/Preservative,
6,How to Knead Dirt,Campus Grounds (Chapter 6),Blood Clay,Dunkelhite,Dirt/Red Dirt/Black Dirt,Carrotato/Belgrade Potato/Burdock Straight/Burdock Curve/Radish/Medicinal Radish/Shinke Onion/Pumpotatokin,Clearwater/Brown Groundwater/Goat Milk/Marine Water/Vanilla Syrup/Black Liquid
7,Alchemic Steel,Student Store (Chapter 4),Black Steel,Legien Steel,Beast Fang/Strom Shell/Monster Cookie/Puni Gummi,Clearwater/Brown Groundwater/Goat Milk/Marine Water/Vanilla Syrup/Black Liquid/Preservative,
8,Alchemic Steel,Student Store (Chapter 4),Red Steel,Cyprus Copper,Monster Bone/King Crab/Trout,Clearwater/Brown Groundwater/Goat Milk/Marine Water/Vanilla Syrup/Black Liquid/Preservative,
9,Alchemic Steel,Student Store (Chapter 4),Blue Steel,Preuve Lead,Dragon Bone/Chinook/Scale Chips/99% Chaos Choco,Clearwater/Brown Groundwater/Goat Milk/Marine Water/Vanilla Syrup/Black Liquid/Preservative,
10,Alchemic Steel,Student Store (Chapter 4),White Steel,Elemia Silver,Black Stee/Red Steel/Blue Steel,Liquid Metal,
11,Holy Metal,Dragon's Grave - Cave of Origin,Altena Ingot,White Steel/Gold Bullion/Blood Clay,Brilliant Stone/Pentagle/Aroma Material,Liquid Metal,
12,Ingot,Resource Center Dungeon/Vendor (Chapter 11),Gold Bullion,Altena Ingot,Jade Tablet,Blood Clay,Dragon Tongue
13,God's Drink,Infirmary (Chapter 4),Nectar,Bitter Grape/Night-in-grape/Muscat/Tangerine/Sunrise Orange/Mandarin Orange,Carrotato/Belgrade Potato/Burdock Straight/Burdock Straight/Burdock Curve/Radish/Medicinal Radish/Shinke Onion/Pumpotatokin,Salt,
14,God's Drink,Infirmary (Chapter 4),Black Liquid,Masou/Chinook/Trout/Bonita/Endless Seaweed/Joker Fish,Clearwater/Brown Groundwater/Goat Milk/Marine Water/Vanilla Syrup/Preservative,Carbon Boulder,
15,Generic Cloth,Automatically obtain,Nicro Cloth,Spinacherb/Purplinacherb/Gash Twig/Eicheloa/Poison Shroom,Tuft/Knot/Shiny Moustache/Meringue Whip,Clearwater/Brown Groundwater/Goat Milk/Marine Water/Vanilla Syrup/Black Liquid/Preservative,
16,Funfur Cloth,"The Height, or Campus Grounds (Chapter 3)",Pleather Cloth,Red Petal/Blue Petal/Glowing Petal,Tuft/Knot/Shiny Moustache/Meringue Whip/Nicro Cloth,Masou/Trout/Chinook/Bonita/Endless Seaweed/Joker Fish,Clearwater/Brown Groundwater/Goat Milk/Marine Water/Vanilla Syrup/Black Liquid/Preservative
17,Noble Fabric,Student Store (Chapter 5),Silky Cloth,Red Petal/Blue Petal/Glowing Petal/Shiny Powder,Knot/Shiny Moustache/Meringue Whip/Silver Thread,Clearwater/Brown Groundwater/Goat Milk/Marine Water/Vanilla Syrup/Black Liquid/Preservative,
18,Legendary Fabric,"Complete Job no. 048, or Student Store (Chapter 9)",Formell Fabric,Rainbow Feather/Crimson Feather/White Feather/Black Feather,Shiny Moustache/Meringue Whip/Silver Thread/Silky Cloth,Canone Crystal/Glacier Crystal/Thunder Crystal/Gravity Stone/Pendelook/Chrome Crystal,Heal Jar/X-Heal/Heal All/Cure Jar/Shining Grail
19,Preserved Food,Complete Job no. 042,Goat Cheese,Goat Milk,Lando/X-Lando/Sweet Lando/Yubana Fruit/Dried Yubana/Yubana Flower,Clearwater/Brown Groundwater/Marine Water/Vanilla Syrup/Black Liquid/Preservative,
20,Preserved Food,Complete Job no. 042,Bacon,Wild Meat/Rotten Meat/Golden Meat,Preservative,Salt,
21,Preserved Food,Complete Job no. 042,Smoked Fish,Masou/Bonita/Joker Fish/Chinook/Trout,Woodchip/Giant Woodchip/Wooden Club,Salt,Flame/Tera Flame/Plosion
22,Liquid Metal,Student Store (Chapter 9),Liquid Metal,Clearwater/Brown Groundwater/Goat Milk/Marine Water/Vanilla Syrup/Black Liquid/Preservative,Canone Rock/Glacier Stone/Thunder Stone/Raw Komet Ore/Super Komet/Canone Crystal/Glacier Crystal/Thunder Crystal,Pendelook,
23,Curing Medicine,Automatically obtain,Cure Jar,Belgrade Potato/Burdock Straight/Burdock Curve/Radish/Medicinal Radish/Shinke Onion,Spinacherb/Purplinacherb/Gash Twig/Eicheloa/Poison Shroom/Taun/Huffin,Clearwater/Brown Groundwater/Goat Milk/Marine Water/Vanilla Syrup/Black Liquid,
24,Curing Medicine,Automatically obtain,Preservative,Bitter Grape/Night-in-grape/Muscat/Tangerine/Sunrise Orange/Mandarin Orange/Nectar,Spinacherb/Purplinacherb/Gash Twig/Eicheloa/Poison Shroom/Taun/Huffin,Clearwater/Brown Groundwater/Goat Milk/Marine Water/Vanilla Syrup/Black Liquid,Red Petal/Blue Petal/Glowing Petal
25,Strong Fiber,Automatically obtain,Dietary Fiber,Spinacherb/Purplinacherb/Gash Twig/Huffin/Belgrade Potato,Burdock Straight/Burdock Curve,Clearwater/Brown Groundwater/Goat Milk/Marine Water/Vanilla Syrup/Black Liquid/Preservative,
26,Strong Fiber,Automatically obtain,Silver Thread,Glowing Petal/Shiny Powder,Elemia Silver/White Steel/Altena Ingot,Nicro Cloth/Pleather Cloth/Silky Cloth/Formell Fabric,
27,Magical String,"Mana Ruins - Bottom Center, or Student Store (Chapter 10)",Clear Fiber,Chrome Crystal/Gravity Stone/Soul of Darkness,Plosion/Black Powder,Silver Thread,Nectar/Super Nectar/Shining Grail/Elixir
28,Explosive Powder,"Complete Job no. 044, or Campus Grounds (Chapter 5)",Plosion,Canone Crystal/Glacier Crystal/Thunder Crystal/Raw Komet Ore/Super Komet/Uni/Big Uni,Carbon Boulder,Black Liquid/Black Powder,Tuft/Knot/Shiny Moustache/Nicro Cloth/Dietary Fiber
29,Mechanical Box,"Mana Ruins - Outskirts, or Student Store (Chapter 5)",Gearbox,Eternal Turnkey,Black Steel/Red Steel/Blue Steel/White Steel,Gear/Little Gear/Grand Gear/Le Merou Cog,
30,Mechanical Box,"Mana Ruins - Outskirts, or Student Store (Chapter 5)",Le Merou Cog,Gear,Grand Gear,Little Gear,Black Liquid
31,Spring Decor,"The Heights, or Student Store (Chapter 3)",Eternal Turnkey,Gear/Grand Gear/Little Gear/Le Merou Cog,Legien Steel/Black Steel/Red Steel/Blue Steel/White Steel,Polish Powder/Shiny Powder,
32,Normal Paper,Student Store (Chapter 1),Zettel,Spinacherb/Purplinacherb/Gash Twig/Kitty Nip/Taun/Huffin/Dunkelhite,Carrotato/Belgrade Potato/Burdock Straight/Burdock Curve/Radish/Medicinal Radish/Shinke Onion/Pumpotatokin,Clearwater/Brown Groundwater/Goat Milk/Marine Water/Vanilla Syrup/Black Liquid/Preservative,
33,Expensive Paper,Student Store (Chapter 6),Holy Crest Paper,Zettel,Burdock Straight/Burdock Curve/Radish/Medicinal Radish/Shinke Onion/Pumpotatokin,X-Heal/Heal All/Shining Grail/Elixir,
34,Vibrating Metal,Student Store (Chapter 5),Apollo's Diapason,Black Steel/Red Steel/Blue Steel,Chrome Crystal/Pendelook/Soul of Darkness,Lightning Rod/Thunder Rod,
35,Mystery Ring,"Mana Ruins - Bottom Center, or Student Store (Chapter 10)",Fortune Ring,White Steel/Altena Ingot,Apollo's Diapason/Alchemic Cymbal,Gravity Stone,
36,Thermometer,"Mana Ruins - Outskirts, or Student Store (Chapter 5)",Galilean Scope,Black Liquid,Preservative,Heal Jar/X-Heal/Heal All/Cure Jar,Clearwater/Brown Groundwater/Goat Milk/Marine Water/Vanilla Syrup/Black Liquid/Preservative
37,Shiny Stone,"Wind's Corridor - Abyss, or Student Store (Chapter 8)",Brilliant Stone,Canone Crystal/Glacier Crystal/Thunder Crystal,Chrome Crystal,Heal All/Super Nectar/Shining Grail/Elixir,Polish Powder/Shiny Powder
38,Shiny Stone,"Wind's Corridor - Abyss, or Student Store (Chapter 8)",Pentagle,Pendelook,Chrome Crystal,Heal All/Super Nectar/Shining Grail/Elixir,Polish Powder/Shiny Powder 
39,Spirit Crystal,Infirmary (Chapter 7),Canone Crystal,Canone Crystal,Preservative/X-Heal,Monster Bone/Dragon Bone,
40,Spirit Crystal,Infirmary (Chapter 7),Glacier Crystal,Glacier Stone,Preservative/X-Heal,Trout/Chinook/Sharkgill,
41,Spirit Crystal,Infirmary (Chapter 7),Thunder Crystal,Thunder Stone,Preservative/X-Heal,Legien Steel/Cyprus Copper/Preuve Lead/Elemia Silver,
42,Igniter Device,Student Store (Chapter 10),Auto Igniter,Canone Crystal/Flame Ring,Gearbox,Plosion,Blue Steel/White Steel
43,Cooler,Student Store (Chapter 10),Coolster,Glacier Crystal/Ice Ring,Le Merou Cog,Galilean Scope,Blue Steel/White Steel
44,Vacuum Pipe,"Complete Job no. 049, or Student Store (Chapter 10)",Voidspark Pipe,Thunder Crystal/Thunder Ring,Apollo's Diapason,Formell Fabric,Blue Steel/White Steel
45,Rhythmical Machine,"Millenium Tree, or Campus Grounds (Chapter 6)",Metronome,Eternal Turnkey,Gearbox,Apollo's Diapason,Le Merou Cog
46,Musical Strings,Complete Job no. 057,Carabine Harp,Dragon Bone,Dragon Scale,Silver Thread/Clear Fiber,Giant Woodchip/Wood Tympani/Wooden Club
47,Swinging Drum,Resource Center Dungeon,Wood Tympani,Woodchip/Giant Woodchip/Wooden Club,Pleather Cloth/Silky Cloth/Formell Fabric,Legien Steel/Cyprus Copper/Preuve Lead/Elemia Silver,Worn Weapon/Worn Armor
48,Giant Music Device,"Dragon's Grave - Cave of Origin, or Campus Grounds (Chapter 11)",Organne la Firste,Blood Clay,Wood Tympani,Velvet Horn,Metronome
49,Vortex Trumpet,Campus Grounds (Chapter 9),Velvet Horn,Strom Shell/Long Ice Cream/Burdock Curve,Blue Steel/White Steel,Monster Bone,Alchemic Cymbal/Apollo's Diapason/Fortune Ring
50,Echoing Cymbal,Resource Center Dungeon/Vendor,Alchemic Cymbal,Black Steel/Red Steel/Blue Steel/White Steel,Apollo's Diapason,Polish Powder/Shiny Powder,Crack Hammer/Sledgehammer/Vorey Splitter
51,Healing Medicine,Automatically obtain,Heal Jar,Spinacherb/Purplinacherb/Gash Twig/Huffin,Blue Petal/Glowing Petal/Red Petal,Clearwater/Brown Groundwater/Goat Milk/Marine Water/Vanilla Syrup/Black Liquid/Preservative,
52,Healing Medicine,Automatically obtain,X-Heal,Taun/Purplinacherb/Tercia Pollen,Lando/X-Lando/Sweet Lando,Bitter Grape/Night-in-grape/Muscat/Tangerine/Sunrise Orange/Mandarin Orange,Black Liquid/Preservative
53,Spreading Medicine,Infirmary (Chapter 8),Heal All,Heal Jar/X-Heal,Apollo's Diapason/Alchemic Cymbal,Tercia Pollen/Kittynip/Dunkelhite,Yubana Fruit/Dried Yubana/Yubana Flower
54,Super Juice,Infirmary (Chapter 8),Super Nectar,Brilliant Stone/Pentagle,X-Lando/Sweet Lando/Mandarin Orange,Radish/Medicinal Radish/Shinke Onion,Preservative/X-Heal/Heal All
55,A Holy Cup,Infirmary (Chapter 10),Shining Grail,Nectar,Super Nectar,Liquid Metal/Velvet Horn,
56,Mental Stabilizer,Resource Center Dungeon,Amber Soup,ATK Fruit/MGK Fruit/DEF Fruit/RES Fruit/SPD Fruit,Carrotato/Belgrade Potato/Burdock Straight/Burdock Curve/Radish/Medicinal Radish/Shinke Onion/Pumpotatokin,Clearwater/Brown Groundwater/Marine Water,
57,Mental Stabilizer,Resource Center Dungeon,Tranquilizer,Youthful Apple/Eternal Peach,Carrotato/Belgrade Potato/Burdock Straight/Burdock Curve/Radish/Medicinal Radish/Shinke Onion/Pumpotatokin,Fortune Ring,
58,Ultimate Remedy,Automatically obtain,Elixir,Super Nectar,X-Heal,Dunkelhite,Shinke Onion
59,Flaming BBQ,Cafeteria (Chapter 3),Steak,Wild Meat/Rotten Meat/Golden Meat,Carrotato/Belgrade Potato/Pumpotatokin,Salt,
60,Flaming BBQ,Cafeteria (Chapter 3),Broiled Fish,Masou/Trout/Chinook,Radish/Medicinal Radish,Salt,
61,Flaming BBQ,Cafeteria (Chapter 3),Ceramic Plate,Magical Clay/Blood Clay,Liquid Metal/Preservative,Plosion/Tera Flame,
62,Gorgeous Boat,Student Store (Chapter 11),Fish Boat: Marlow,King Tuna/Queen Tuna,Bonita/Joker Fish/Blowfish-X/Tiger Blowfish/Chinook/Trout/Masou,Radish/Medicinal Radish,Bobomb Ice
63,Deliciousoup,"Old Schoolhouse, or Cafeteria (Chapter 2)",Green Soup,Spinacherb/Purplinacherb/Gash Twig,Clearwater/Goat Milk,Salt,Carrotato/Belgrade Potato/Burdock Straight/Burdock Curve/Pumpotatokin
64,Deliciousoup,"Old Schoolhouse, or Cafeteria (Chapter 2)",Red Soup,Lando/X-Lando/Sweet Lando/Night-in-grape,Tiger Blowfish/Blowfish-X/99% Chaos Choco,Salt,Green Soup/Goat Milk/Ceramic Plate
65,Deliciousoup,"Old Schoolhouse, or Cafeteria (Chapter 2)",Golden Soup,Gold Bullion,Golden Meat,Liquid Metal,Ceramic Plate
66,Bomb,Automatically obtain,Flame,Canone Rock,Polish Powder/Flour/Black Powder,Nicro Cloth/Pleather Cloth/Silky Cloth/Formell Fabric,
67,Bomb,Automatically obtain,Bomb Ice,Glacier Stone,Polish Powder/Flour/Black Powder,Clearwater/Black Liquid/Preservative,
68,Bomb,Automatically obtain,Lightning Rod,Thunder Stone,Polish Powder/Flour/Black Powder,Legien Steel/Cyprus Copper/Preuve Lead/Elemia Silver,
69,Super Bomb,Campus Grounds (Chapter 7),Tera Flame,Canone Crystal,Plosion,Flame Ring,
70,Super Bomb,Campus Grounds (Chapter 7),Bobomb Ice,Glacier Crystal,Plosion,Ice Ring,
71,Super Bomb,Campus Grounds (Chapter 7),Thunder Rod,Thunder Crystal,Plosion,Thunder Ring,
72,Exploding Uni,Complete Job no. 046,Uni Bomb,Uni/Big Uni,Plosion,Tuft/Knot/Shiny Moustache/Meringue Whip,
73,Uni the Great,"Complete Job no. 047, or Student Store (Chapter 8)",Big Uni Bomb,Big Uni,Plosion,Uni Bomb/Flame/Tera Flame,
74,Uni the Great,"Complete Job no. 047, or Student Store (Chapter 8)",Big Orange Bomb,Tangerine/Sunrise Orange/Mandarin Orange,Plosion,Pleather Cloth,
75,Uni the Great,"Complete Job no. 047, or Student Store (Chapter 8)",Big Lando Bomb,X-Lando/Sweet Lando,Plosion,Lando Bomb/Flame/Tera Flame,
76,The Mystic Uni,Dragon's Grave - Cave of Origin,Uni God,Uni/Big Uni,Soul of Darkness,Dragon Tongue,Pentagle
77,Fruit Bomb,"Resource Center Dungeon, or Cafeteria (Chapter 4)",Orange Bomb,Tangerine/Sunrise Orange/Mandarin Orange,Flour/Black Powder/Polish Powder/Plosion,Pleather Cloth,
78,Sweet Fruit Bomb,"Mana Ruins - Outskirts, or Cafeteria (Chapter 5)",Lando Bomb,Lando/X-Lando/Sweet Lando,Flour/Black Powder/Polish Powder/Plosion,Black Steel,
79,Twirly Thing,"Complete Job no. 058, or Student Store (Chapter 8)",Globe,Raw Komet Ore/Super Komet,Polish Powder/Shiny Powder,Zettel/Holy Crest Paper,Black Steel/Red Steel/Blue Steel/White Steel
80,A Small Universe,Dragon's Grave - Cave of Origin,Stellar Globe,Globe,Le Merou Cog/Eternal Turnkey/Gearbox/Organne la Firste,Canone Crystal/Glacier Crystal/Thunder Crystal,Pot Station
81,Pudding,Cafeteria (Chapter 6),Unipuni Pudding,Uni/Big Uni,Puppy Paw Flan,Puni Gummi,Ceramic Plate
82,Traditional Cake,Cafeteria (Chapter 5),Cheesecake,Goat Cheese,Vanilla Syrup/Goat Milk,Monster Cookie/Taiyaki,
83,Traditional Cake,Cafeteria (Chapter 5),Pumpotatokin Pie,Pumpotatokin,Vanilla Syrup/Goat Milk,Monster Cookie/Taiyaki,
84,Bite-sized Sorbet,Cafeteria (Chapter 7),Grape Sherbet,Bitter Grape/Night-in-grape,Long Ice Cream,Bomb Ice/Bobomb Ice,
85,Bite-sized Sorbet,Cafeteria (Chapter 7),Muscat Sorbet,Muscat,Long Ice Cream,Bomb Ice/Bobomb Ice,
86,Sweets Paradise,"Complete Job no. 055, or Cafeteria (Chapter 11)",Sweetsland,Unipuni Pudding,Jumbo Donut,Grape Sherbet/Muscat Sorbet,Cheesecake/Pumpotatokin Pie
87,Fruit Juice,Cafeteria (Chapter 3),120% Fruit,Bitter Grape/Night-in-grape/Muscat/Tangerine/Sunrise Orange/Mandarin Orange,Lando/X-Lando/Sweet Lando,Goat Milk,
88,Fruit Juice,Cafeteria (Chapter 3),Veggielicious,Spinacherb,Carrotato,Radish/Medicinal Radish,Clearwater/Brown Groundwater/Marine Water
89,Fruit Juice,Cafeteria (Chapter 3),Veggie Purple,Purplinacherb,Carrotato,Radish/Medicinal Radish,Clearwater/Brown Groundwater/Marine Water
90,Radiating Disc,Automatically obtain,Divine Shield,Holy Crest Paper/Brilliant Stone,Red Steel/Blue Steel,Chrome Crystal/Pendelook/Soul of Darkness,
91,Magic Stake Cloth,Automatically obtain,Misty Curtain,Holy Crest Paper/Brilliant Stone,Silky Cloth/Formell Fabric,Yubana Fruit/Dried Yubana/Yubana Flower/Lando/X-Lando/Sweet Lando,
92,Invisible Mantle,Campus Grounds (Chapter 6),Treasure Cape,Amber Soup/Tranquilizer,Silky Cloth/Formell Fabric,Chrome Crystal/Pendelook/Soul of Darkness,
93,Old Collar,Automatically obtain,Ragged Collar,Woodchip/Giant Woodchip,Legien Steel,Dirt/Red Dirt/Black Dirt/Polish Powder/Flour,
94,Old Collar,Automatically obtain,Leather Collar,Pleather Cloth/Brisingamen,Cyprus Copper,Polish Powder/Flour,
95,Medicinal Collar,Infirmary (Chapter 3),Flea Necklace,Dietary Fiber/Spinacherb/Gash Twig/Eicheloa/Poison Shroom,Carrotato/Dirt/Red Dirt/Black Dirt,Tuft,Cyprus Copper
96,Medicinal Collar,Infirmary (Chapter 3),Bone Necklace,Beast Fang/Monster Bone,Leather Collar,Dragon Bone/Carabine Harp,Worn Weapon/Worn Armor
97,Cute Ribbon,"Mana Ruins - Outskirts, or Infirmary (Chapter 5)",Pretty Ribbon,Nicro Cloth/Pleather Cloth/Silky Cloth,Leather Collar/Ragged Collar,Bitter Grape/Night-in-grape/Muscat/Blue Petal/Red Petal,Clearwater/Brown Groundwater/Goat Milk/Marine Water/Heal Jar
98,Cute Ribbon,"Mana Ruins - Outskirts, or Infirmary (Chapter 5)",Cait Sith's Collar,Pentagle/Brilliant Stone/Gravity Stone,Pretty Ribbon,Shiny Moustache,Vasilissa's Doll
99,Huge Ring,Automatically obtain,Giant's Ring,Iron Plate/Bronze Plate/Black Steel/Red Steel,Flame Ring/Ice Ring/Thunder Ring,Preuve Lead/Alchemic Cymbal,
100,Huge Donut,Cafeteria (Chapter 8),Jumbo Donut,Meringue Whip/Taiyaki/Long Ice Cream,Flour/Salt/Shiny Powder,Vanilla Syrup/Candy Eye/Goat Milk,Leather Collar/Ragged Collar
101,Collar of Magic,"Dragon's Grave - Cave of Origin, or Student Store (Chapter 11)",Runed Collar,Bone Necklace,Shield of Ajax/Mirror of Gargol/Divine Shield/Misty Curtain/Dunkelhite,Magical Clay/Blood Clay/Dirt/Red Dirt/Black Dirt,
102,Collar of Magic,"Dragon's Grave - Cave of Origin, or Student Store (Chapter 11)",Magic Stone Collar,Cait Sith's Collar/Runed Collar,Altena Ingot,Stone of Alectoria,Fortune Ring
103,God's Necklace,Heart's Prison,Brisingamen,Magic Stone Collar,Uni God,Symbol of Uroborus,
104,Standard Mechsword,"Mana Ruins - Outskirts, or Student Store (Chapter 5)",Pyre Blade,Burdock Straight/Worn Weapon,Legien Steel/Cyprus Copper/Preuve Lead/Elemia Silver,Polish Powder,Gear/Grand Gear/Little Gear/Le Merou Cog
105,Standard Mechsword,"Mana Ruins - Outskirts, or Student Store (Chapter 5)",Pyre Blade II,Pyre Blade,Vorey Splitter/Sledgehammer,Shiny Powder,Flame/Tera Flame/Uni Bomb/Big Uni Bomb/Orange Bomb/Big Orange Bomb/Lando Bomb/Big Lando Bomb
106,Epigonic Mechsword,Student Store (Chapter 5),Machine Cradle,Legien Steel/Cyprus Copper/Preuve Lead/Elemia Silver,Gearbox/Metronome,Black Liquid/Preservative,Polish Powder
107,Modified Mechsword,Student Student (Chapter 7),Alvero,Blue Steel,Gearbox/Metronome/Voidspark Pipe/Machine Cradle,Lightning Rod/Thunder Rod/Thunder Crystal,Gear/Grand Gear/Little Gear/Le Merou Cog
108,Modified Mechsword,Student Student (Chapter 7),Sharkgill Sword,Sharkgill,Kaiser: Aqua Hero,Machine Cradle,
109,Enhanced Mechsword,Dragon's Grave - Cave of Origin,Progius,Voidspark Pipe/White Steel/Altena Ingot,Le Merou Cog,Organne La Firste/Gear/Grand Gear/Little Gear,
110,Motorized Mechsword,"Complete Job no. 050, or Student Store (Chapter 11)",Quartz Slicer,Alvero/Gravity Stone/Canone Crystal/Glacier Crystal/Thunder Crystal,Voidspark Pipe/Velvet Horn,Thunder Rod,
111,Master Mechsword,Heart's Prison,Deus ex Machina,Pyre Blade II,Quartz Slicer,Progius,
112,Game Card,Mana Ruins - Outskirts,Astral Card,Zettel/Holy Crest Paper,Asclepius/Symbol of Uroborus,Radish/Medicinal Radish,Clearwater/Brown Groundwater/Goat Milk/Marine Water/Preservative
113,Game Card,Mana Ruins - Outskirts,Itsa Card,King Style,Astral Card,Vasilissa's Doll,Philosopher's Hand
114,Ritual Charm,"Dragon's Grave - Bone Grove, or Student Store (Chapter 6)",Flonne's Charm,Holy Crest Paper/Bonus Card,Heal Jar/X-Heal/Heal All/Cure Jar,Flame Ring/Canone Crystal,Lando/X-Lando/Sweet Lando
115,Bonus Card,"Complete Job no. 059, or Cafeteria (Chapter 7)",Bonus Card,Rocks rock!,Astral Card/Flonne's Charm/Bonus Card/Trauer Card/Solingen/Wild Card/Itsa Card/Type Solomon,,
116,Magic Card,"Wind's Corridor - Abyss, or Infirmary (Chapter 8)",Trauer Card,Astral Card,Holy Crest Paper,Galilean Scope/Pentagle/Brilliant Stone,Silky Cloth/Formell Fabric
117,Razor Card,Student Store (Chapter 8),Solingen,Red Steel/Blue Steel/White Steel/Magical Clay/Blood Clay,Polish Powder/Shiny Powder,Tera Flame/Big Uni Bomb/Big Orange Bomb/Big Lando Bomb,
118,Razor Card,Student Store (Chapter 8),Wild Card,Astral Card,Gravity Stone,Stone of Alectoria/Magic Stone Collar,
119,Magic Act,Heart's Prison,Type Solomon,Flonne's Charm,Fires of Hell/Diamond Dust/Electric Elect,Globe/Stellar Globe,Holy Crest Paper
120,Lovely Bag,"Wind's Corridor - Mist, or Campus Grounds (Chapter 2)",Favorite Bag,Zettel/Nicro Cloth,Puniball,Blue Petal/Red Petal/Glowing Petal,
121,Luxury Purse,Infirmary (Chapter 2),Brand Name Bag,Pleather Cloth,Crimson Feather,Fake Brand Bag,Heal Jar/X-Heal/Preservative
122,Luxury Purse,Infirmary (Chapter 2),Fake Brand Bag,Nicro Cloth,Blue Petal/Red Petal,Zettel/Holy Crest Paper,Huffin/Brand Name Bag
123,Net Basket,"Dragon's Grave - Bone Grove, or Campus Grounds (Chapter 6)",Alchemist's Basket,Dietary Fiber/Burdock Straight/Uni,Bitter Grape/Night-in-grape/Muscat/Tangerine/Sunrise Orange/Mandarin Orange,Straw Doll/Pretty Ribbon,
124,Net Basket,"Dragon's Grave - Bone Grove, or Campus Grounds (Chapter 6)",Eco-bag,Kittynip,Yubana Fruit/Dried Yubana/Yubana Flower/Lando/X-Lando/Sweet Lando/ATK Fruit/MGK Fruit/DEF Fruit/RES Fruit/SPD Fruit,Alchemic Bag,Jade Tablet
125,Alchemy Pack,"Complete Job no. 045, or Student Store (Chapter 6)",Alchemic Bag,Silky Cloth/Formell Fabric,Alchemist's Basket,Apollo's Diapason/Alchemic Cymbal,Holy Crest Paper/Zettel
126,Alchemy Pack,"Complete Job no. 045, or Student Store (Chapter 6)",Angel's Bag,Archangel Wings,Angel's Slip/Devil's Panties,Formell Fabric,Stone of Alectoria
127,Metallic Pack,Campus Grounds (Chapter 8),Plate Bag,Bronze Plate/Iron Plate/Baked Plate,Shield of Ajax/Mirror of Gargol/Divine Shield/Misty Curtain,Elemia Silver/Magical Clay/Blood Clay,Polish Powder/Shiny Powder
128,High Capacity Pack,Heart's Prison,Dimension Bag,Angel's Bag,Super Komet Ore,Toad Mouth,Nectar/Super Nectar/Shining Grail
129,Hammeryhammer,"Wind's Corridor - Mist, or Campus Grounds (Chapter 2)",Crack Hammer,Canone Rock/Glacier Stone/Thunder Stone,Legien Steel/Cyprus Copper,Belgrade Potato/Carrotato/Dirt,Gear/Grand Gear/Little Gear
130,Hammeryhammer,"Wind's Corridor - Mist, or Campus Grounds (Chapter 2)",Crusher Twins,Uni/Big Uni,Black Steel/Red Steel,Canone Rock/Glacier Stone/Thunder Stone,Belgrade Potato/Carrotato/Dirt/Red Dirt/Black Dirt/Crack Hammer
131,Wooden Beatstick,"The Heights, or Student Store (Chapter 3)",Wooden Club,Woodchip/Giant Woodchip,Spinacherb/Gash Twig/Dietary Fiber,Belgrade Potato/Carrotato/Dirt,Nicro Cloth
132,Wooden Beatstick,"The Heights, or Student Store (Chapter 3)",Brownie Hammer,Wooden Club/Wood Tympani,Brownie Mask,Cyprus Copper/Legien Steel/Preuve Lead,
133,Wooden Beatstick,"The Heights, or Student Store (Chapter 3)",Yula Hammer,Brownie Hammer,Megingjorz,Raw Komet Ore,Crusher Twins
134,Charge Hammer,"Complete Job no. 060, or Student Store (Chapter 6)",Sledgehammer,Gearbox/Eternal Key/Metronome,Giant Woodchip,Red Steel/Blue Steel/White Steel,Belgrade Potato/Carrotato/Dirt/Red Dirt/Black Dirt/Magical Clay/Blood Clay
135,Charge Hammer,"Complete Job no. 060, or Student Store (Chapter 6)",Grand Sledgehammer,Sledgehammer,Altena Ingot,Progius,Brownie Hammer/Yula Hammer
136,Hammeryhammer Plus,Student Store (Chapter 8),Vorey Splitter,Crusher Twins,Canone Crystal/Glacier Crystal/Thunder Crystal,Tera Flame/Big Uni Bomb/Big Orange Bomb/Big Lando Bomb,Burdock Straight/Burdock Curve/Shinke Onion/Pumpotatokin
137,God's Hammer,Heart's Prison,Thor Hammer,Grand Sledgehammer,Uni God,Gold Bullion/Altena Ingot,Raw Komet Ore/Super Komet/King Tuna/Queen Tuna/Fish Boat: Marlow
138,Stuffed Animal,Resource Center Dungeon,Doll's Claw,Nicro Cloth/Pleather Cloth,Tuft/Knot/Shiny Moustache,Beast Fang/Super Alloy Claw,
139,Stuffed Animal,Resource Center Dungeon,Plastic Claw,Carbon Boulder/Rocks rock!,Puniball/Puni Gummi,Taun,Puppy Paw Gloves/Puppy Paw Flan/Doll's Claw
140,Metallic Claw,Student Store (Chapter 6),Steel Claw,Legien Steel/Cyprus Copper,Black Steel,Gloves of Artorius/Thorn Gauntlet,
141,Metallic Claw,Student Store (Chapter 6),Alloy Claw,Preuve Lead,Red Steel,Steel Claw,Scale Gauntlet/Philosopher's Hand
142,Metallic Claw,Student Store (Chapter 6),Super Allow Claw,White Steel,Blue Steel,Alloy Claw,Megingjorz
143,Beast's Claw,"Millenium Tree, or Student Store (Chapter 8)",Bear Claw,Steel Claw,Le Merou Cog/Gear/Grand Gear/Little Gear/Eternal Turnkey,Gearbox/Metronome,
144,Beast's Claw,"Millenium Tree, or Student Store (Chapter 8)",Electric Claw,Super Alloy Claw,Altena Ingot,Thunder Rod/Voidspark Pipe,Gearbox/Metronome/Organne la Firste
145,Claw Super Weapon,Heart's Prison,Hellclaw,Plastic Claw,Archangel Wing,Gold Bullion,Armored Crab
146,Favorite Sword,Student Store (Chapter 5),Dimentia Blade,Legien Steel/Cyprus Copper/Preuve Lead/Elemia Silver/Azoth Z,Black Steel/Red Steel,Orange Bomb/Lando Bomb/Plosion/Flame/Tera Flame,Black Powder/Polish Powder/Shiny Powder
147,Favorite Sword,Student Store (Chapter 5),Muramasa,Dimentia Blade,Elemia Silver/Pendelook,Plosion/Flame/Tera Flame,Pumpotatokin/Medicinal Radish/Shinke Onion
148,Foreign Blade,"Wind's Corridor - Abyss, or Campus Grounds (Chapter 8)",Blue Dragon,Dragon Bone/Dragon Scale/Dragon Tongue/Carabine Harp,Carbon Boulder/Raw Komet Ore/Super Komet,Plosion/Black Powder,Thorn Gauntlet/Scale Gauntlet
149,Foreign Blade,"Wind's Corridor - Abyss, or Campus Grounds (Chapter 8)",Ben Breaker,Blue Dragon,Pentagle,Plosion/Black Powder,Glasses of Death
150,Alchemic Sword,"Complete Job no. 056, or Student Store (Chapter 10)",Azoth Z,Jade Tablet,Aroma Material,Dragon Tongue,Dunkelhite
151,A Master's Swing,Heart's Prison,Pellucian,Muramasa,Altena Ingot,Liquid Metal/Blood Clay,Bobomb Ice/Coolster/Grape Sherbet/Muscat Sorbet
152,Sphere Spaceship,"Mana Ruins - Interior Heights, or Resource Center Dungeon/Vendor (Chapter 7)",Commercial Pot,Carbon Boulder/Magical Clay/Blood Clay,Liquid Metal/Preservative/Nectar/Super Nectar,Nicro Cloth/Pleater Cloth/Silky Cloth/Formell Fabric,Gear/Grand Gear/Little Gear/Gearbox/Metronome/Pot Station
153,Sphere Spaceship,"Mana Ruins - Interior Heights, or Resource Center Dungeon/Vendor (Chapter 7)",Proto Pot,Red Steel/Magical Clay/Blood Clay,Liquid Metal/Preservative/Nectar/Super Nectar,Canone Crystal/Glacier Crystal/Thunder Crystal,Gear/Grand Gear/Little Gear/Gearbox/Metronome/Pot Station
154,Neo Spaceship,Resource Center Dungeon/Vendor (Chapter 7),Mark II,Liquid Metal,Pendelook,Lightning Rod/Thunder Rod/Voidspark Pipe,Magical Clay/Blood Clay/Commercial Pot/Proto Pot
155,Object from Space,Dragon's Grave - Cave of Origin,Pot Station,Commercial Pot,Proto Pot,White Steel/Altena Ingot,Gearbox/Metronome/Organne la Firste
156,Royal Spaceship,Heart's Prison,Crown Pot,Mark II,Gold Bullion,Holy Crest Paper,King Style/Star Queen/Crown Breastplate/King Tuna/Queen Tuna
157,Light Armor,Student Store (Chapter 3),Leather Cuirass,Pleather Cloth,Male Uniform/Altered Uniform M/Female Uniform/Altered Uniform F,Legien Steel/Cyprus Copper,
158,Platemail,Student Store (Chapter 5),Iron Plate,Black Steel,Leather Cuirass,Flour/Salt/Black Powder/Polish Powder,
159,Platemail,Student Store (Chapter 5),Bronze Plate,Red Steel,Leather Cuirass/Iron Plate,Flour/Salt/Black Powder/Polish Powder,
160,Platemail,Student Store (Chapter 5),Baked Plate,Monster Cookie/Sweetsland,Flour/Salt,Goat Milk/Vanilla Syrup/120% Fruit/Veggielicious/Veggie Purple,Taiyaki/Rocks rock!/Meringue Whip
161,Platemail,Student Store (Chapter 5),Armored Crab,King Crab,Iron Plate/Bronze Plate/Baked Plate,Raw Komet Ore/Super Komet/Gravity Stone/Elemia Silver/Pendelook,
162,Royal Metal Armor,"Clocktower, or Campus Grounds (Chapter 10)",Silver Cuirass,White Steel/Liquid Metal,Iron Plate/Bronze Plate/Baked Plate/Armored Crab/Kaiserfish Mail,Apollo's Diapason/Fortune Ring/Alchemic Cymbal/Divine Shield,
163,Royal Metal Armor,"Clocktower, or Campus Grounds (Chapter 10)",Kaiserfish Mail,Kaiser: Aqua Hero,Iron Plate/Bronze Plate/Baked Plate/Armored Crab,Masou/Trout/Chinook/King Tuna/Queen Tuna/Sharkgill,
164,Royal Metal Armor,"Clocktower, or Campus Grounds (Chapter 10)",Gold Mail,Gold Bullion/Golden Soup,Silver Cuirass/Estevan Guard,Fortune Ring/Divine Shield,
165,Standard Uniform - M,"Student Store (Chapter 1, Week 2)",Male Uniform,Nicro Cloth,Zettel/Tuft/Knot/Worn Armor,Gear/Red Petal,
166,Standard Uniform - M,"Student Store (Chapter 1, Week 2)",Altered Uniform M,Male Uniform,Woodchip/Worn Weapon,Wild Meat/Rotten Meat,Eternal Turnkey
167,Oldschool Uniform,Campus Grounds (Chapter 4),Japanesque Uniform,Male Uniform/Altered Uniform M,Black Liquid/Black Powder/Black Steel/Black Dirt/Black Feather,Pleather Cloth/Bonita/Endless Seaweed,
168,Oldschool Uniform,Campus Grounds (Chapter 4),White Japanesque ,Japanesque Uniform,White Feather/Long Ice Cream/Meringue Whip/White Steel,Glowing Petal/Scale Chips,
169,Oldschool Uniform,Campus Grounds (Chapter 4),Gangster,White Japanesque,Bone Necklace/Cait Sith's Collar,Knot/Meringue Whip,Brilliant Stone/Pentagle
170,Royal Clothes,Student Store (Chapter 11),King Style,King Tuna/Queen Tuna/Crown Pot/Crown Breastplate/Star Queen,White Japanesque,Silky Cloth/Formell Fabric/Misty Curtain,Silver Thread/Clear Fiber
171,Standard Uniform - F,"Student Store (Chapter 1, Week 2)",Female Uniform,Nicro Cloth,Zettel/Tuft/Knot/Angel's Slip,Gear/Red Petal,
172,Standard Uniform - F,"Student Store (Chapter 1, Week 2)",Altered Uniform F,Female Uniform,Tangerine/Sunrise Orange/Bitter Grape/Night-in-grape,Heal Jar/Green Soup,Eternal Turnkey
173,Standard Uniform - F,"Student Store (Chapter 1, Week 2)",Long Uniform,Altered Uniform F,Pleather Cloth,Huffin/Gash Twig/Endless Seaweed/Long Ice Cream,Asclepius
174,Retro Uniform,Campus Grounds (Chapter 4),Bad Girl,Long Uniform/Altered Uniform F,Knot/Dietary Fiber/Silver Thread/Clear Fiber,Thorn Gauntlet/Lando/X-Lando/Sweet Lando/King Grab,
175,Retro Uniform,Campus Grounds (Chapter 4),Maiden,Crimson Feather/Rainbow Feather/Angel Wing,Heaven's Silk/Feathery Flow,Aurora Curtain,Formell Fabric
176,Elegant Clothes,"Wind's Corridor - Abyss, or Student Store (Chapter 8)",Heaven's Silk,Angel's Slip/Devil's Panties,Angel Wing/Archangel Wings/Fallen Wing,Misty Curtain,Silver Thread
177,Cat Suit,"Dragon's Grave - Heaven's Road, or Infirmary (Chapter 6)",Black Cat,Kitty Ears,Angel's Slip/Devil's Panties,Black Liquid/Black Powder/Black Dirt,Pretty Ribbon/Cait Sith's Collar/Kittynip
178,Cat Suit,"Dragon's Grave - Heaven's Road, or Infirmary (Chapter 6)",Kitty Ear Maid,Heaven's Silk/Long Uniform/Bad Girl,Kitty Ears/Black Cat,Cait Sith's Collar/Kittynip,Silky Cloth/Formell Fabric
179,Robe,Resource Center Dungeon,Arabesque Robe,Spinacherb/Purplinacherb/Gash Twig/Kittynip/Dunkelhite,Nicro Cloth/Pleather Cloth/Silky Cloth,Puniball/Strom Shell,Clearwater/Brown Groundwater/Goat Milk/Marine Water
180,Robe,Resource Center Dungeon,Raven Robe,Black Liquid/Black Powder/Black Feather,Nicro Cloth/Pleather Cloth/Silky Cloth,Taun/Tercia Pollen,Clearwater/Brown Groundwater/Goat Milk/Marine Water
181,Robe,Resource Center Dungeon,La Matador,Crimson Feather/Night-in-grape/Cyprus Copper/Red Petal,Nicro Cloth/Pleather Cloth/Silky Cloth,Feather Charm,Lando/X-Lando/Sweet Lando/Red Soup
182,Robe,Resource Center Dungeon,Chocolate Robe,Raven Robe,99% Chaos Choco,Candy Eye/Vanilla Syrup/Magical Clay/Sweetsland,Bomb Ice/Bobomb Ice/Grape Sherbet/Muscat Sorbet
183,Magic Garments,Campus Grounds (Chapter 8),Dragonscale Garb,Dragon Scale,Silky Cloth/Formell Fabric/Misty Curtain,Dragon Bone/Dragon Tongue/Carabine Harp,Symbol of Uroborus
184,Magic Garments,Campus Grounds (Chapter 8),Aurora Curtain,Rainbow Feather/Dunkelhite,Misty Curtain,Dragonscale Garb,Clearwater/Brown Groundwater/Goat Milk/Marine Water
185,Magic Garments,Campus Grounds (Chapter 8),Fishscale Garb,Blowfish-X/Tiger Blowfish/Chinook/Trout/Masou,Silky Cloth/Formell Fabric/Misty Curtain,Raven Robe/Arabesque Robe/La Matador/Chocolate Robe,Clearwater/Brown Groundwater/Goat Milk/Marine Water
186,Heavy Armor,Automatically obtain,Estevan Guard,Bronze Plate/Bone Breastplate,Dragon Scale/Dragon Tongue/Carabine Harp,Elemia Silver/Raw Komet Ore,Stone of Alectoria/Flame Ring/Ice Ring/Thunder Ring
187,Heavy Armor,Automatically obtain,Bone Breastplate,Iron Plate,Monster Bone,Chrome Crystal/Soul of Darkness/Preservative,Wild Meat/Rotten Meat/Golden Meat
188,Holy Armor,Resource Center - Unorganized Zone,Crown Breastplate,Estevan Guard/Bone Breastplate/Silver Cuirass/Gold Mai,Altena Ingot,King Tuna/Queen Tuna/Crown Pot/King Style/Star Queen,
189,Hardened Cloak,"Complete Job no. 061, or Student Store (Chapter 6)",Panzer Cloak,Iron Plate/Bronze Plate,Nicro Cloth/Pleather Cloth/Silky Cloth/Formell Fabric,Chrome Crystal,
190,Hardened Cloak,"Complete Job no. 061, or Student Store (Chapter 6)",Imperial Cloth,Dragonscale Garb/Aurora Curtain/Fishscale Garb,Symbol of Uroborus/Velvet Horn,Liquid Metal,
191,Women's Armor,Automatically obtain,Feathery Flow,Angel Wing/Fallen Wing,Blue Steel/White Steel,Divine Shield/Shield of Ajax,
192,Women's Armor,Automatically obtain,Star Queen,Brilliant Stone/Pentagle/Aroma Material,Feathery Flow,Queen Tuna,Gloves of Artorius/Thorn Gauntlet/Scale Gauntlet
193,Women's Armor,Automatically obtain,Angel Cloth,Archangel Wings,Angel's Slip/Devil's Panties,Feathery Flow,Winged Boots/Flying Fish Boots
194,Legendary Robe,"God's Scar, or Student Store (Chapter 10)",Alchemy Robe,Formell Fabric,Brilliant Stone/Pentagle/Aroma Material/Chrome Crystal,Holy Crest Paper,Raw Komet Ore/Super Komet
195,Legendary Robe,"God's Scar, or Student Store (Chapter 10)",Saint's Garb,Altena Ingot,Imperial Cloth/Alchemy Robe,Aroma Material,
196,Sexy Outfit,"Dragon's Grave - Cave of Origin, or Infirmary (Chapter 11)",Lucifer's Leotard,Devil's Panties,Heaven's Silk/Black Cat,Pentagle,Fallen Wing
197,Dark Battlespirit,Resource Center - Unorganized Zone,Bleak Veil,Gold Mail,Fallen Wing,Stellar Globe,Symbol of Uroborus
198,Man's Mantle,Resource Center - Unorganized Zone,Gallant Mantle,Gangster,Meginjorz,Altena Ingot,Tera Flame
199,Grand Robe,Resource Center - Unorganized Zone,Grand Alchemist,Saint's Garb,Shining Grail,Philosopher's Hand,Glasses of Death
200,Sensitive Hair,Resource Center - Unorganized Zone,Biohair Wig,Dragon Tongue,Uni God,Brilliant Stone,Aurora Curtain
201,Beast Hide,Resource Center - Unorganized Zone,Holy Beast Hide,Angel Cloth,Shiny Mustache,Bunny Ears,Super Nectar
202,Master's Outfit,Resource Center - Unorganized Zone,Knight's Waistcoat,Maiden,Feathery Flow,Symbol of Uroborus,Winged Boots
203,Incanter's Garb,Resource Center - Unorganized Zone,Robe of Life,Saint's Garb,Trauer Tarot,Elixir,Formel Fabric
204,Liquid Armor,Resource Center - Unorganized Zone,Rejuvenator Skin,Elixir,Blood Clay,Fires of Hell/Diamon Dust/Electric Elect,Clearwater/Brown Groundwater/Goat Milk/Marine Water
205,Magic Ring,Automatically obtain,Flame Ring,Canone Rock/Canone Crystal/Auto Igniter/Plosion/Flame Ring/Fires of Hell,Chrome Crystal/Soul of Darkness/Gravity Stone/Pendelook,Polish Powder/Flour/Salt/Black Powder/Shiny Powder,Black Steel/Red Steel/Blue Steel/White Steel/Earth Core/Wind Core/Aqua Core/Flame Core/Metal Core/Nature Core/Mist Core/Soul Core/Force Core/Eternal Core
206,Magic Ring,Automatically obtain,Ice Ring,Glacier Stone/Glacier Crystal/Coolster/Long Ice Cream/Ice Ring/Diamond Dust,Chrome Crystal/Soul of Darkness/Gravity Stone/Pendelook,Polish Powder/Flour/Salt/Black Powder/Shiny Powder,Black Steel/Red Steel/Blue Steel/White Steel/Earth Core/Wind Core/Aqua Core/Flame Core/Metal Core/Nature Core/Mist Core/Soul Core/Force Core/Eternal Core 
207,Magic Ring,Automatically obtain,Thunder Ring,Thunder Stone/Thunder Crystal/Voidspark Pipe/Lightning Rod/Thunder Ring/Electric Elect,Chrome Crystal/Soul of Darkness/Gravity Stone/Pendelook,Polish Powder/Flour/Salt/Black Powder/Shiny Powder,Black Steel/Red Steel/Blue Steel/White Steel/Earth Core/Wind Core/Aqua Core/Flame Core/Metal Core/Nature Core/Mist Core/Soul Core/Force Core/Eternal Core
208,Pot of Flames,Campus Grounds (Chapter 10),Fires of Hell,Auto Igniter/Aroma Material,Fortune Ring/Flame Ring/Tera Flame/Stone of Alectoria,Altena Ingot/Blood Clay/White Steel/Earth Core/Wind Core/Aqua Core/Flame Core/Metal Core/Nature Core/Soul Core/Mist Core/Force Core/Eternal Core,
209,Freezing Device,Campus Grounds (Chapter 10),Diamond Dust,Coolster/Aroma Material,Brilliant Stone/Ice Ring/Bobomb Ice/Stone of Alectoria,Altena Ingot/Blood Clay/White Steel/Earth Core/Wind Core/Aqua Core/Flame Core/Metal Core/Nature Core/Soul Core/Mist Core/Force Core/Eternal Core,
210,Electric Machine,Campus Grounds (Chapter 10),Electric Elect,Voidspark Pipe/Aroma Material,Gearbox/Thunder Ring/Thunder Rod/Stone of Alectoria,Altena Ingot/Blood Clay/White Steel/Earth Core/Wind Core/Aqua Core/Flame Core/Metal Core/Nature Core/Soul Core/Mist Core/Force Core/Eternal Core,
211,Gloves,Campus Grounds (Chapter 2),Puppy Paw Gloves,Tuft/Knot/Shiny Moustache/Puppy Paw Flan,Nicro Cloth/Pleather Cloth/Silky Cloth/Formell Fabric,Wild Meat/Rotten Meat/Golden Meat/Bacon/Smoked Fish/Earth Core/Wind Core/Aqua Core/Flame Core/Metal Core/Nature Core/Nature Core/Mist Core/Soul Core/Force Core/Eternal Core,
212,Gloves,Campus Grounds (Chapter 2),Thorn Gauntlet,Cyprus Copper,Pleather Cloth/Nicro Cloth/Puppy Paw Gloves,Poison Shroom/Rotten Meat/Blowfish-X/Tiger Blowfish/Earth Core/Wind Core/Aqua Core/Flame Core/Metal Core/Nature Core/Soul Core/Mist Core/Force Core/Eternal Core,
213,Gloves,Campus Grounds (Chapter 2),Gloves of Artorius,Legien Steel,Pleather Cloth/Nicro Cloth/Puppy Paw Gloves,Worn Weapon/Worn Armor/Thorn Gauntlet/Earth Core/Wind Core/Aqua Core/Flame Core/Metal Core/Nature Core/Soul Core/Mist Core/Force Core/Eternal Core,
214,Gloves,Campus Grounds (Chapter 2),Scale Gauntlet,Dragon Scale/Scale Chips,Gloves of Artorius/Thorn Gauntlet,Masou/Trout/Chinook/Joker Fish,Blue Steel/Black Steel/Red Steel/Earth Core/Wind Core/Aqua Core/Flame Core/Metal Core/Nature Core/Soul Core/Mist Core/Force Core/Eternal Core
215,A Small Wand,Resource Center Dungeon,Asclepius,Woodchip/Giant Woodchip/Wooden Club,Beast Fang,Gash Twig/Taun/Dunkelhite/Earth Core/Wind Core/Aqua Core/Flame Core/Metal Core/Nature Core/Soul Core/Mist Core/Force Core/Eternal Core,
216,Stone of Sealing,"Wind's Corridor - Abyss, or Infirmary (Chapter 8)",Stone of Alectoria,Canone Crystal/Glacier Crystal/Thunder Crystal/Aroma Material,Blue Steel/White Steel,Polish Powder/Black Powder/Shiny Powder,Nectar/Super Nectar/Youthful Apple/Eternal Peach/Earth Core/Wind Core/Aqua Core/Flame Core/Metal Core/Nature Core/Soul Core/Mist Core/Force Core/Eternal Core
217,Alchemy Symbol,Student Store (Chapter 8),Symbol of Uroborus,Dragon Bone/Dragon Scale/Dragon Tongue,Aslepius/Stone of Alectoria,Flame Ring/Thunder Ring/Ice Ring,Giant's Ring/Earth Core/Wind Core/Aqua Core/Flame Core/Metal Core/Nature Core/Soul Core/Mist Core/Force Core/Eternal Core
218,Doll,The Heights,Straw Doll,Nicro Cloth/Dietary Fiber,Burdock Straight/Burdock Curve/Worn Weapon,Tuft/Knot/Puni Gummi,Ragged Collar/Leather Collar/Earth Core/Wind Core/Aqua Core/Flame Core/Metal Core/Nature Core/Mist Core/Soul Core/Force Core/Eternal Core
219,Doll,The Heights,Vasilissa's Doll,Brownie Mask,Straw Doll/Doll's Claw,Nicro Cloth/Pleather Cloth,Monster Cookie/Puni Gummi/Puppy Paw Flan/Soul of Darkness/Earth Core/Wind Core/Aqua Core/Flame Core/Metal Core/Nature Core/Mist Core/Soul Core/Force Core/Eternal Core
220,Wing of an Angel,Resource Center Dungeon,Angel Wing,Angel's Slip,Crimson Feather/White Feather,Tuft/Knot/Shiny Moustache/Huffin/Meringue Whip,Raven Robe/Arabesque Robe/La Matador/Earth Core/Wind Core/Aqua Core/Flame Core/Metal Core/Nature Core/Soul Core/Mist Core/Force Core/Eternal Core
221,Wing of an Angel,Resource Center Dungeon,Fallen Wing,Devil's Panties,Black Feather,Angel Wing/Crimson Feather/White Feather,Soul of Darkness/Black Liquid/99% Chaos Choco/Earth Core/Wind Core/Aqua Core/Flame Core/Metal Core/Nature Core/Soul Core/Mist Core/Force Core/Eternal Core
222,Wing of an Angel,Resource Center Dungeon,Archangel Wings,Angel Wing,Rainbow Feather,Winged Boots,Altena Ingot/Earth Core/Wind Core/Aqua Core/Flame Core/Metal Core/Nature Core/Soul Core/Mist Core/Force Core/Eternal Core
223,Power Girdle,"Clocktower, or Infirmary (Chapter 10)",Megingjorz,Formell Fabric,Cait Sith's Collar/Pretty Ribbon/Brisingamen,Fortune Ring/Velvet Horn,Silver Thread/Clear Fiber/Earth Core/Wind Core/Aqua Core/Flame Core/Metal Core/Nature Core/Soul Core/Mist Core/Force Core/Eternal Core
224,Green Tablet,Automatically obtain,Jade Tablet,White Steel/Altena Ingot,Flame Ring/Ice Ring/Thunder Ring/Fires of Hell/Diamond Dust/Electric Elect,Trauer Card/Flonne's Charm/Type Solomon,Aroma Material/Earth Core/Wind Core/Aqua Core/Flame Core/Metal Core/Nature Core/Soul Core/Mist Core/Force Core/Eternal Core
225,Hard Shield,"Old Schoolhouse - Closed Area, or Campus Grounds (Chapter 9)",Shield of Ajax,Divine Shield,Blue Steel/White Steel/Altena Ingot,Estevan Guard/Bone Breastplate/Crown Breastplate,Polish Powder/Shiny Powder/Earth Core/Wind Core/Aqua Core/Flame Core/Metal Core/Nature Core/Soul Core/Mist Core/Force Core/Eternal Core
226,Hard Shield,"Old Schoolhouse - Closed Area, or Campus Grounds (Chapter 9)",Mirror of Gargol,Misty Curtain,Blue Steel/White Steel/Altena Ingot,Dragonscale Garb/Aurora Curtain/Fishscale Garb,Polish Powder/Shiny Powder/Earth Core/Wind Core/Aqua Core/Flame Core/Metal Core/Nature Core/Soul Core/Mist Core/Force Core/Eternal Core
227,Fishbot,Cafeteria (Chapter 8),Kaiser: Aqua Hero,Sharkgill,Masou/Trout/Chinook/King Tuna/Queen Tuna,Alloy Claw/Super Alloy Claw,Straw Doll/Vasilissa's Doll/Earth Core/Wind Core/Aqua Core/Flame Core/Metal Core/Nature Core/Soul Core/Mist Core/Force Core/Eternal Core
228,The Gem of Alchemy,Automatically obtain,Aroma Material,Brilliant Stone,Pentagle,Fires of Hell/Diamond Dust/Electric Elect,Tercia Pollen/Dunkelhite/Glowing Petal/Shiny Powder/Youthful Apple/Eternal Peach/Earth Core/Wind Core/Aqua Core/Flame Core/Metal Core/Nature Core/Soul Core/Mist Core/Force Core/Eternal Core
229,Wallet,"Millenium Tree, or Infirmary (Chapter 6)",Toad Mouth,Silky Cloth/Formell Fabric,Legien Steel/Cyprus Copper/Preuve Lead,Soul of Darkness/Pendelook,Puniball/Puni Gummi/Puppy Paw Flan/Earth Core/Wind Core/Aqua Core/Flame Core/Metal Core/Nature Core/Soul Core/Mist Core/Force Core/Eternal Core
230,Handprint,"Clocktower, or Infirmary (Chapter 10)",Philosopher's Hand,Puppy Paw Gloves/Thorn Gauntlet/Gloves of Artorius/Scale Gauntlet,Liquid Metal/Magical Clay/Blood Clay/Earth Core/Wind Core/Aqua Core/Flame Core/Metal Core/Nature Core/Soul Core/Mist Core/Force Core/Eternal Core,,
231,Glasses,Resource Center Dungeon/Vendor,Glasses of Death,Chrome Crystal/Gravity Stone,Black Liquid/Black Powder,Carbon Boulder/Black Steel,Blowfish-X/Poison Shroom/Tiger Blowfish/Earth Core/Wind Core/Aqua Core/Flame Core/Metal Core/Nature Core/Soul Core/Mist Core/Force Core/Eternal Core
232,Head Gear,Infirmary (Chapter 4),Feather Charm,Angel Wing/Rainbow Feather/Crimson Feather/White Feather/Black Feather,Dietary Fiber/Silver Thread/Clear Fiber,Black Steel/Red Steel/Blue Steel/White Steel/Earth Core/Wind Core/Aqua Core/Flame Core/Metal Core/Nature Core/Soul Core/Mist Core/Force Core/Eternal Core,
233,Head Gear,Infirmary (Chapter 4),Kitty Ears,Beast Fang/Tuft/Knot/Shiny Moustache,Silky Cloth/Formell Fabric,Apollo's Diapason/Galilean Scope/Alchemic Cymbal/Earth Core/Wind Core/Aqua Core/Flame Core/Metal Core/Nature Core/Soul Core/Mist Core/Force Core/Eternal Core,
234,Head Gear,Infirmary (Chapter 4),Bunny Ears,Kitty Ears,Carrotato,Shiny Powder/Super Nectar/Shining Grail/Earth Core/Wind Core/Aqua Core/Flame Core/Metal Core/Nature Core/Soul Core/Mist Core/Force Core/Eternal Core,
235,Fancy Hat,"Complete Job no. 043, or Campus Grounds (Chapter 4)",Tangerine Hat,Tangerine/Sunrise Orange/Mandarin Orange/Orange Bomb/Big Orange Bomb,Nicro Cloth/Pleather Cloth/Silky Cloth/Formell Fabric,Dietary Fiber/Silver Thread/Clear Fiber/Earth Core/Wind Core/Aqua Core/Flame Core/Metal Core/Nature Core/Soul Core/Mist Core/Force Core/Eternal Core,
236,Fancy Hat,"Complete Job no. 043, or Campus Grounds (Chapter 4)",Lando Cap,Lando/X-Lando/Sweet Lando/Lando Bomb/Big Lando Bomb,Silky Cloth/Formell Fabric,Dietary Fiber/Silver Thread/Clear Fiber/Earth Core/Wind Core/Aqua Core/Flame Core/Metal Core/Nature Core/Soul Core/Mist Core/Force Core/Eternal Core,
237,Fancy Hat,"Complete Job no. 043, or Campus Grounds (Chapter 4)",Yubana Cover,Yubana Fruit/Dried Yubana/Yubana Flower,Brownie Mask/Vasilissa's Doll,Silver Thread/Clear Fiber/Shinke Onion/Earth Core/Wind Core/Aqua Core/Flame Core/Metal Core/Nature Core/Soul Core/Mist Core/Force Core/Eternal Core,
238,Fancy Hat,"Complete Job no. 043, or Campus Grounds (Chapter 4)",Afrotic Wig,Flame/Tera Flame,Knot,Shiny Moustache,Nicro Cloth/Pleather Cloth/Silky Cloth/Formell Fabric/Earth Core/Wind Core/Aqua Core/Flame Core/Metal Core/Nature Core/Soul Core/Mist Core/Force Core/Eternal Core
239,Boots,"Mana Ruins - Interior Heights, or Infirmary (Chapter 7)",Winged Boots,Angel Wing/Archangel Wing/Fallen Wing,Pleather Cloth/Silky Cloth/Formell Fabric,Dietary Fiber/Silver Thread/Clear Fiber/Shinke Onion,Alchemic Bag/Angel's Bag/Earth Core/Wind Core/Aqua Core/Flame Core/Metal Core/Nature Core/Soul Core/Mist Core/Force Core/Eternal Core
240,Boots,"Mana Ruins - Interior Heights, or Infirmary (Chapter 7)",Flying Fish Boots,Chinook/King Tuna/Queen Tuna/Sharkgill/Sharkgill Sword,Pleather Cloth/Silky Cloth/Formell Fabric,Silver Thread/Clear Fiber/Shinke Onion,Scale Gauntlet/Dragonscale Garb/Fishscale Garb/Scale Chips/Earth Core/Wind Core/Aqua Core/Flame Core/Metal Core/Nature Core/Soul Core/Mist Core/Force Core/Eternal Core
241,Mystery Medicine,Complete Nikki's 2nd Character Quest,Loveless Potion,Puniball/Puni Gummi/Soul of Darkness,Heal Jar/Cure Jar/120% Fruit/Veggielicious/Veggie Purple,Tiger Blowfish/Blowfish-X/Poison Shroom,Clearwater/Brown Groundwater/Goat Milk/Marine Water/Vanilla Syrup/Black Liquid/Preservative
242,Synthesizer's Text,Complete Synthesis VII Equipment Assignment,Flash of Galileo,Rusty Flask,Polish Powder,,
